[
  {
    "id": 1,
    "author": "佐藤（収束部門）",
    "date": "2025-12-10",
    "title": "昨夜の夢",
    "content": "昨夜、またあの夢を見た。第3埠頭に立っていると、海の中から巨大な腕が伸びてきて、私を境界の向こう側へと引きずり込もうとする。目が覚めると、腕に海水のような冷たい感触が残っていた。最近、現実と階底次元の境界が曖昧になっている気がする。"
  },
  {
    "id": 2,
    "author": "田中（支援部門）",
    "date": "2025-12-15",
    "title": "コーヒーの味",
    "content": "休憩室のコーヒーが、今日はひどく鉄の味がした。同僚の鈴木に聞いたら、彼は「いつも通りの味だ」と言う。私の味覚が狂ったのか、それともコーヒーの中に何かが混じっているのか。あるいは、私が少しずつ「向こう側」の住人に近づいている証拠なのだろうか。"
  },
  {
    "id": 3,
    "author": "小林（工作部門）",
    "date": "2026-01-05",
    "title": "モジュールの振動",
    "content": "新型のイカリ-Vプロトタイプを調整中、誰も触れていないのに微かな振動が発生した。振動のパターンを解析したところ、人間の鼓動に酷似していることが判明。機械が命を持ち始めたのか、それとも階底次元の何かがこの金属の塊に宿ったのか。気味が悪いが、興味深い。"
  }
]
