[
  {
    "id": "2024-08-13-port",
    "date": "2024-08-13",
    "title": "港湾部事案：第3埠頭における空間歪曲および船舶消失",
    "restricted": true,
    "requiredLevel": 3,
    "body": "【事案記録：SEA-20240813-P3】\n\n■ 概要\n2024年8月13日 02:14、横浜港第3埠頭において大規模な空間歪曲が発生。入港直前であった貨物船「境界丸（2,500トン）」が、接岸の約500メートル手前で突如として発生した高濃度の「海霧」に包まれ、そのままレーダーおよび目視から消失した。\n\n■ 現場状況報告\n消失地点を中心とした半径300メートルの海域において、重力定数の不安定化および電磁波の異常回折を確認。海水の成分分析により、通常組成とは異なる高濃度の「階底粒子」が検出された。\n\n消失から15分後、付近の海蝕員が「境界丸」の汽笛と思われる音を聞いたと報告しているが、音源の特定には至っていない。また、海上には同船の備品と思われる「文字の反転した救命浮輪」が一点のみ浮遊していた。\n\n■ 収束作業内容\n03:45 収束部門第2班が現場到着。空間固定用モジュール「イカリ-IV」を4基設置し、歪曲の拡大を阻止。現在、空間の再構築を試みているが、消失した「境界丸」および乗組員12名の生存は絶望的と判断される。\n\n■ 懸念事項\n今回の事案は、従来の自然発生的な海蝕現象と比較して「境界」の引き込み強度が極めて高い。工作部門の解析によれば、物理的な接岸をトリガーとした意図的な空間トラップである可能性が示唆されている。\n\n■ 指示事項\n・第3埠頭への関係者以外の立ち入りを無期限で禁ずる。\n・港湾部職員は、海面上に「黒い泡」が確認された場合、直ちに防護レベルをMAXに引き上げ、退避すること。"
  },
  {
    "id": "2023-11-02-coast",
    "date": "2023-11-02",
    "title": "沿岸消失事案",
    "restricted": false,
    "requiredLevel": 1,
    "body": "対象区域の海蝕反応は収束を確認。"
  },
  {
    "id": "2026-01-21-signal",
    "date": "2026-01-21",
    "title": "【極秘】階底次元からの干渉信号",
    "restricted": true,
    "requiredLevel": 4,
    "body": "本日未明、第4観測地点において、従来の海蝕波形とは明らかに異なる「意志」を感じさせる干渉信号を検知した。\n信号の内容は複雑な暗号化が施されているが、解析チームの暫定報告によれば、我々海蝕機関の内部構造を熟知している者が発信源である可能性が高い。\n\n指揮官以上の権限を持つ者は、速やかに各自の端末を物理隔離し、再度の汚染チェックを実施せよ。\nこれは単なる自然現象ではない。何者かが「境界」の向こう側から我々を覗き込んでいる。"
  }
]
